submission; m_n_clusters; m_batch_size; r_batch_size; score
3722;700;700;700;8.60131
3741;750;700;700;8.74203
3750;1000;1100;700;9.23829
3751;1000;700;700;9.66517
3729;800;700;700;9.73397
3730;500;700;700;10.3671
3726;750;1000;1000;12.21232
3710;   ;    ;    ;9.32631
3709;   ;    ;    ;9.48022
3704;   ;    ;    ;9.50687
3672;   ;    ;    ;10.73896
3762;   ;    ;    ;8.75208
3764;   ;    ;    ;8.80296
3767;   ;    ;    ;8.66273
3780;   ;    ;    ;9.94975
